{
  "results": [
    {
      "command": "Original (attrs=5, items=10)",
      "mean": 0.051672282380000004,
      "stddev": 0.0014184010310156986,
      "median": 0.051559115579999995,
      "user": 0.05820447999999999,
      "system": 0.00899206,
      "min": 0.04956276158,
      "max": 0.05389188658,
      "times": [
        0.05117267758,
        0.050468636580000004,
        0.05302663658,
        0.05327380358,
        0.05389188658,
        0.04956276158,
        0.05194555358,
        0.05100630358,
        0.05209388658,
        0.05028067758
      ],
      "exit_codes": [
        0,
        0,
        0,
        0,
        0,
        0,
        0,
        0,
        0,
        0
      ]
    },
    {
      "command": "Optimized (attrs=5, items=10)",
      "mean": 0.05119154898,
      "stddev": 0.0015297768465723082,
      "median": 0.050988303080000005,
      "user": 0.055814680000000005,
      "system": 0.009733259999999999,
      "min": 0.04911638658,
      "max": 0.053574552580000004,
      "times": [
        0.04911638658,
        0.05009122058,
        0.04952101158,
        0.05012342858,
        0.053574552580000004,
        0.05317855358,
        0.05218755258,
        0.05097238658,
        0.05214617758,
        0.05100421958
      ],
      "exit_codes": [
        0,
        0,
        0,
        0,
        0,
        0,
        0,
        0,
        0,
        0
      ]
    }
  ]
}
