{
  "results": [
    {
      "command": "Original (attrs=10, items=100)",
      "mean": 0.14791898009999999,
      "stddev": 0.0018570888444900014,
      "median": 0.1476982805,
      "user": 0.19195572,
      "system": 0.010860519999999997,
      "min": 0.144625947,
      "max": 0.151318488,
      "times": [
        0.144625947,
        0.150277572,
        0.147534614,
        0.14745928,
        0.14739965500000002,
        0.148069488,
        0.146397696,
        0.148245114,
        0.147861947,
        0.151318488
      ],
      "exit_codes": [
        0,
        0,
        0,
        0,
        0,
        0,
        0,
        0,
        0,
        0
      ]
    },
    {
      "command": "Optimized (attrs=10, items=100)",
      "mean": 0.13222950090000002,
      "stddev": 0.005465453454416291,
      "median": 0.131031676,
      "user": 0.16090021999999998,
      "system": 0.012919019999999998,
      "min": 0.12455461300000001,
      "max": 0.143045947,
      "times": [
        0.12455461300000001,
        0.127663197,
        0.130224072,
        0.143045947,
        0.131460655,
        0.139983738,
        0.13016703000000002,
        0.132765447,
        0.131827613,
        0.13060269700000002
      ],
      "exit_codes": [
        0,
        0,
        0,
        0,
        0,
        0,
        0,
        0,
        0,
        0
      ]
    }
  ]
}
