{
  "results": [
    {
      "command": "Original (attrs=15, items=10)",
      "mean": 0.06280695168,
      "stddev": 0.0008930666425599967,
      "median": 0.06296323118,
      "user": 0.07080352000000001,
      "system": 0.01055808,
      "min": 0.06105673018,
      "max": 0.06388823117999999,
      "times": [
        0.06378335618,
        0.06327914718,
        0.06244777218000001,
        0.06166760618000001,
        0.06310535618,
        0.06271818918,
        0.06388823117999999,
        0.06105673018,
        0.06282110618,
        0.06330202218
      ],
      "exit_codes": [
        0,
        0,
        0,
        0,
        0,
        0,
        0,
        0,
        0,
        0
      ]
    },
    {
      "command": "Optimized (attrs=15, items=10)",
      "mean": 0.06022681848000001,
      "stddev": 0.0008535421196527727,
      "median": 0.06045654318000001,
      "user": 0.06635202,
      "system": 0.01035638,
      "min": 0.058967980180000004,
      "max": 0.06117435618000001,
      "times": [
        0.06101223118000001,
        0.05970660618,
        0.06056148018000001,
        0.05900952318,
        0.06035160618000001,
        0.06117435618000001,
        0.06087523118000001,
        0.06106118918000001,
        0.05954798118000001,
        0.058967980180000004
      ],
      "exit_codes": [
        0,
        0,
        0,
        0,
        0,
        0,
        0,
        0,
        0,
        0
      ]
    }
  ]
}
