{
  "results": [
    {
      "command": "Original (windows, items=20)",
      "mean": 0.10432614676,
      "stddev": 0.003297783734396372,
      "median": 0.10389026756,
      "user": 0.14946682,
      "system": 0.011852200000000002,
      "min": 0.09949601756000001,
      "max": 0.10924901756000001,
      "times": [
        0.10756351756,
        0.10924901756000001,
        0.10831839256,
        0.10505622556000001,
        0.10419480956,
        0.10271151756,
        0.10001030956000001,
        0.10358572556000001,
        0.09949601756000001,
        0.10307593456
      ],
      "exit_codes": [
        0,
        0,
        0,
        0,
        0,
        0,
        0,
        0,
        0,
        0
      ]
    },
    {
      "command": "Optimized (windows, items=20)",
      "mean": 0.10106448006000002,
      "stddev": 0.002083314297812515,
      "median": 0.10033799706000002,
      "user": 0.14366312000000003,
      "system": 0.0117454,
      "min": 0.09920772556,
      "max": 0.10516135056,
      "times": [
        0.10516135056,
        0.10306889256,
        0.10321722556,
        0.10089514256000001,
        0.09945335056,
        0.09920772556,
        0.10116451756,
        0.09938185156000001,
        0.09931389256,
        0.09978085156000001
      ],
      "exit_codes": [
        0,
        0,
        0,
        0,
        0,
        0,
        0,
        0,
        0,
        0
      ]
    }
  ]
}
