{
  "results": [
    {
      "command": "Original (items=10)",
      "mean": 0.05925319842,
      "stddev": 0.0013565056700905395,
      "median": 0.05879811512,
      "user": 0.06927839999999999,
      "system": 0.011055839999999997,
      "min": 0.057804448120000004,
      "max": 0.06143524012,
      "times": [
        0.058344907120000004,
        0.060792032120000006,
        0.05835507312,
        0.057804448120000004,
        0.05825740612000001,
        0.058013740120000004,
        0.05924115712,
        0.05925344812000001,
        0.06143524012,
        0.06103453212
      ],
      "exit_codes": [
        0,
        0,
        0,
        0,
        0,
        0,
        0,
        0,
        0,
        0
      ]
    },
    {
      "command": "Optimized (items=10)",
      "mean": 0.05814947782,
      "stddev": 0.0013432144235972032,
      "median": 0.05793169862,
      "user": 0.07194679999999999,
      "system": 0.011084939999999998,
      "min": 0.056285699120000005,
      "max": 0.06058990712000001,
      "times": [
        0.06058990712000001,
        0.056285699120000005,
        0.059335532120000006,
        0.05699640612,
        0.05864899012,
        0.05939019912,
        0.057607865120000004,
        0.05785765712,
        0.05800574012,
        0.05677678212000001
      ],
      "exit_codes": [
        0,
        0,
        0,
        0,
        0,
        0,
        0,
        0,
        0,
        0
      ]
    }
  ]
}
