{
  "results": [
    {
      "command": "Original (items=20)",
      "mean": 0.10180126520000002,
      "stddev": 0.0023101115354218042,
      "median": 0.10237642770000002,
      "user": 0.14100333999999998,
      "system": 0.01174552,
      "min": 0.09679501120000002,
      "max": 0.10505280320000002,
      "times": [
        0.10244746920000002,
        0.10278651120000001,
        0.1001791362,
        0.10230538620000001,
        0.10189505220000002,
        0.10371855320000001,
        0.10505280320000002,
        0.09997767720000002,
        0.09679501120000002,
        0.1028550522
      ],
      "exit_codes": [
        0,
        0,
        0,
        0,
        0,
        0,
        0,
        0,
        0,
        0
      ]
    },
    {
      "command": "Optimized (items=20)",
      "mean": 0.11524131510000002,
      "stddev": 0.0022602897809983207,
      "median": 0.11496801070000001,
      "user": 0.16747394,
      "system": 0.01190832,
      "min": 0.1124183442,
      "max": 0.11870051120000001,
      "times": [
        0.11800505220000002,
        0.11507534420000001,
        0.1136240532,
        0.11773526120000001,
        0.11249009420000002,
        0.11557371920000001,
        0.11870051120000001,
        0.1124183442,
        0.11486067720000001,
        0.11393009420000001
      ],
      "exit_codes": [
        0,
        0,
        0,
        0,
        0,
        0,
        0,
        0,
        0,
        0
      ]
    }
  ]
}
