{
  "results": [
    {
      "command": "Original (items=20)",
      "mean": 0.10061864164,
      "stddev": 0.003406268949252679,
      "median": 0.09988199164,
      "user": 0.13763566,
      "system": 0.011454999999999998,
      "min": 0.09737605414000002,
      "max": 0.10834438714000001,
      "times": [
        0.10170188714000002,
        0.09813197114000001,
        0.09770663814000001,
        0.09737605414000002,
        0.10080892914,
        0.10834438714000001,
        0.10100738714000002,
        0.09895505414000001,
        0.10381663814000001,
        0.09833747014000001
      ],
      "exit_codes": [
        0,
        0,
        0,
        0,
        0,
        0,
        0,
        0,
        0,
        0
      ]
    },
    {
      "command": "Optimized (items=20)",
      "mean": 0.09930005404,
      "stddev": 0.0030556863330806895,
      "median": 0.09963011664000002,
      "user": 0.13664426000000002,
      "system": 0.012323499999999998,
      "min": 0.09476409614,
      "max": 0.10470759514000001,
      "times": [
        0.09996013714000002,
        0.10019538714000001,
        0.09476409614,
        0.10470759514000001,
        0.10231442914000001,
        0.09597897114000001,
        0.10086784614000001,
        0.09879876214000001,
        0.09930009614000002,
        0.09611322014000001
      ],
      "exit_codes": [
        0,
        0,
        0,
        0,
        0,
        0,
        0,
        0,
        0,
        0
      ]
    }
  ]
}
