{
  "results": [
    {
      "command": "Original (attrs=5, items=20)",
      "mean": 0.06246477748000001,
      "stddev": 0.0016945741721160089,
      "median": 0.06252279398,
      "user": 0.07628647999999999,
      "system": 0.01058876,
      "min": 0.05981437748000001,
      "max": 0.06532046148,
      "times": [
        0.06305408548,
        0.06004804348,
        0.05981437748000001,
        0.06532046148,
        0.06153033648000001,
        0.06419750248,
        0.06323104448,
        0.06240633548000001,
        0.06247825248,
        0.06256733548
      ],
      "exit_codes": [
        0,
        0,
        0,
        0,
        0,
        0,
        0,
        0,
        0,
        0
      ]
    },
    {
      "command": "Optimized (attrs=5, items=20)",
      "mean": 0.05614658568000001,
      "stddev": 0.0011677586183239913,
      "median": 0.05608902298,
      "user": 0.06783977999999999,
      "system": 0.00920846,
      "min": 0.05480021048000001,
      "max": 0.05816104348000001,
      "times": [
        0.05816104348000001,
        0.05699866948000001,
        0.056246960480000004,
        0.05480021048000001,
        0.05593108548,
        0.05746833548000001,
        0.054828794480000005,
        0.056625502480000006,
        0.05495308648,
        0.05545216848000001
      ],
      "exit_codes": [
        0,
        0,
        0,
        0,
        0,
        0,
        0,
        0,
        0,
        0
      ]
    }
  ]
}
