{
  "results": [
    {
      "command": "Original (attrs=0, items=100)",
      "mean": 0.08969199576000002,
      "stddev": 0.0006883786592796538,
      "median": 0.08960846666000001,
      "user": 0.13332983999999998,
      "system": 0.01009446,
      "min": 0.08834725766000001,
      "max": 0.09059988366,
      "times": [
        0.08978813266,
        0.08949905066000001,
        0.08966017466000001,
        0.08939975866000001,
        0.08955675866000001,
        0.08914879966000001,
        0.09051525766000001,
        0.09040488366,
        0.09059988366,
        0.08834725766000001
      ],
      "exit_codes": [
        0,
        0,
        0,
        0,
        0,
        0,
        0,
        0,
        0,
        0
      ]
    },
    {
      "command": "Optimized (attrs=0, items=100)",
      "mean": 0.08178664146,
      "stddev": 0.000796994044533837,
      "median": 0.08180265416000002,
      "user": 0.12055733999999999,
      "system": 0.010188059999999999,
      "min": 0.08019592466,
      "max": 0.08286892566000001,
      "times": [
        0.08019592466,
        0.08138529966000001,
        0.08144529966000001,
        0.08172238366000001,
        0.08214604966000001,
        0.08286892566000001,
        0.08120784166,
        0.08284150766000001,
        0.08188292466000001,
        0.08217025766000001
      ],
      "exit_codes": [
        0,
        0,
        0,
        0,
        0,
        0,
        0,
        0,
        0,
        0
      ]
    }
  ]
}
