{
  "results": [
    {
      "command": "Original (items=50)",
      "mean": 0.17481241076000004,
      "stddev": 0.0017276655875761156,
      "median": 0.17419489776000002,
      "user": 0.24017887999999998,
      "system": 0.01219738,
      "min": 0.17311977326,
      "max": 0.17834064826,
      "times": [
        0.17369560726000002,
        0.17390343926000001,
        0.17724327326,
        0.17834064826,
        0.17311977326,
        0.17452552326,
        0.17448635626,
        0.17376777326,
        0.17349189826,
        0.17554981526000002
      ],
      "exit_codes": [
        0,
        0,
        0,
        0,
        0,
        0,
        0,
        0,
        0,
        0
      ]
    },
    {
      "command": "Optimized (items=50)",
      "mean": 0.16360521926,
      "stddev": 0.0010674754652958821,
      "median": 0.16343756526000003,
      "user": 0.22590097999999997,
      "system": 0.01244768,
      "min": 0.16204298226000002,
      "max": 0.16554435626,
      "times": [
        0.16342735626000002,
        0.16554435626,
        0.16349706526000002,
        0.16291277326,
        0.16248106526,
        0.16343289826000001,
        0.16204298226000002,
        0.16344223226000001,
        0.16442598126000002,
        0.16484548226
      ],
      "exit_codes": [
        0,
        0,
        0,
        0,
        0,
        0,
        0,
        0,
        0,
        0
      ]
    }
  ]
}
