{
  "results": [
    {
      "command": "Original (attrs=15, items=100)",
      "mean": 0.20033437600000004,
      "stddev": 0.002489633561190293,
      "median": 0.19964142230000004,
      "user": 0.25756682,
      "system": 0.012638060000000001,
      "min": 0.19762798380000002,
      "max": 0.20600206780000002,
      "times": [
        0.19912115080000004,
        0.19762798380000002,
        0.19817615080000003,
        0.20600206780000002,
        0.20155423480000004,
        0.19942410980000003,
        0.19850140080000003,
        0.19985873480000002,
        0.20070152580000003,
        0.20237640080000002
      ],
      "exit_codes": [
        0,
        0,
        0,
        0,
        0,
        0,
        0,
        0,
        0,
        0
      ]
    },
    {
      "command": "Optimized (attrs=15, items=100)",
      "mean": 0.17528916330000002,
      "stddev": 0.006047513146042219,
      "median": 0.17446327580000004,
      "user": 0.21750341999999998,
      "system": 0.014214959999999999,
      "min": 0.16762144280000002,
      "max": 0.18896948380000003,
      "times": [
        0.17000706780000002,
        0.17561023380000002,
        0.17405073380000002,
        0.1710454838,
        0.16762144280000002,
        0.17487581780000003,
        0.17275148380000002,
        0.18896948380000003,
        0.17802965080000002,
        0.17993023480000003
      ],
      "exit_codes": [
        0,
        0,
        0,
        0,
        0,
        0,
        0,
        0,
        0,
        0
      ]
    }
  ]
}
