{
  "results": [
    {
      "command": "Original (unix, items=10)",
      "mean": 0.0768769185,
      "stddev": 0.0018484296405214293,
      "median": 0.07653801830000001,
      "user": 0.12696018000000003,
      "system": 0.011172879999999998,
      "min": 0.0741743103,
      "max": 0.0797299773,
      "times": [
        0.0767255183,
        0.07940664330000001,
        0.07489806030000001,
        0.0741743103,
        0.0763505183,
        0.07599710130000001,
        0.0769698523,
        0.07860335230000001,
        0.0797299773,
        0.0759138513
      ],
      "exit_codes": [
        0,
        0,
        0,
        0,
        0,
        0,
        0,
        0,
        0,
        0
      ]
    },
    {
      "command": "Optimized (unix, items=10)",
      "mean": 0.0764924932,
      "stddev": 0.001208054201077681,
      "median": 0.07641264280000001,
      "user": 0.12634098,
      "system": 0.012007979999999998,
      "min": 0.0749258933,
      "max": 0.07877885130000001,
      "times": [
        0.07519926830000001,
        0.07687439330000001,
        0.07877885130000001,
        0.07801814330000001,
        0.07554426830000001,
        0.0759577683,
        0.0749258933,
        0.07649622630000001,
        0.0768010603,
        0.0763290593
      ],
      "exit_codes": [
        0,
        0,
        0,
        0,
        0,
        0,
        0,
        0,
        0,
        0
      ]
    }
  ]
}
