{
  "results": [
    {
      "command": "Original (attrs=0, items=20)",
      "mean": 0.05308945504000001,
      "stddev": 0.0009703584567495091,
      "median": 0.05292350884000001,
      "user": 0.06500900000000001,
      "system": 0.008636099999999999,
      "min": 0.051835634840000006,
      "max": 0.055134008840000005,
      "times": [
        0.052949300840000005,
        0.05350850984,
        0.052897716840000004,
        0.055134008840000005,
        0.052139384840000004,
        0.05367838384,
        0.053789342840000004,
        0.051835634840000006,
        0.05255413384,
        0.05240813384
      ],
      "exit_codes": [
        0,
        0,
        0,
        0,
        0,
        0,
        0,
        0,
        0,
        0
      ]
    },
    {
      "command": "Optimized (attrs=0, items=20)",
      "mean": 0.052159663339999995,
      "stddev": 0.0015846561874880156,
      "median": 0.05168980084000001,
      "user": 0.06135559999999999,
      "system": 0.0089231,
      "min": 0.05053934284,
      "max": 0.05563317584,
      "times": [
        0.051565425840000005,
        0.05119763384,
        0.050682883840000005,
        0.051814175840000004,
        0.051214300840000004,
        0.05053934284,
        0.05211121784,
        0.05378084284,
        0.05563317584,
        0.05305763384
      ],
      "exit_codes": [
        0,
        0,
        0,
        0,
        0,
        0,
        0,
        0,
        0,
        0
      ]
    }
  ]
}
