{
  "results": [
    {
      "command": "Original (attrs=0, items=50)",
      "mean": 0.06809956182,
      "stddev": 0.001480041901037524,
      "median": 0.06798896992,
      "user": 0.10678975999999998,
      "system": 0.009543399999999999,
      "min": 0.06591736592,
      "max": 0.07043815792000001,
      "times": [
        0.06797949092,
        0.06683186592,
        0.06997253292,
        0.07043815792000001,
        0.06591736592,
        0.06900603292,
        0.06898940792,
        0.06692286592,
        0.06799844892,
        0.06693944892
      ],
      "exit_codes": [
        0,
        0,
        0,
        0,
        0,
        0,
        0,
        0,
        0,
        0
      ]
    },
    {
      "command": "Optimized (attrs=0, items=50)",
      "mean": 0.06407732431999999,
      "stddev": 0.0012291719652905643,
      "median": 0.06403915741999999,
      "user": 0.09412116,
      "system": 0.0100662,
      "min": 0.06250107492,
      "max": 0.06564507392,
      "times": [
        0.06250107492,
        0.06321440792000001,
        0.06297549092,
        0.06258324092,
        0.06369024092,
        0.06438807392,
        0.06529365792,
        0.06536411592000001,
        0.06564507392,
        0.06511786592
      ],
      "exit_codes": [
        0,
        0,
        0,
        0,
        0,
        0,
        0,
        0,
        0,
        0
      ]
    }
  ]
}
