{
  "results": [
    {
      "command": "Original (attrs=10, items=50)",
      "mean": 0.1001067049,
      "stddev": 0.0021793877866479673,
      "median": 0.10056597130000001,
      "user": 0.14026208,
      "system": 0.01151804,
      "min": 0.0966245128,
      "max": 0.1035986388,
      "times": [
        0.10141880580000001,
        0.1016610968,
        0.1001749298,
        0.10025292980000002,
        0.10087901280000001,
        0.10121438780000001,
        0.0978303048,
        0.0966245128,
        0.0974124298,
        0.1035986388
      ],
      "exit_codes": [
        0,
        0,
        0,
        0,
        0,
        0,
        0,
        0,
        0,
        0
      ]
    },
    {
      "command": "Optimized (attrs=10, items=50)",
      "mean": 0.0854796512,
      "stddev": 0.0013114894736569302,
      "median": 0.08574482630000001,
      "user": 0.12333947999999999,
      "system": 0.009881339999999999,
      "min": 0.08278013880000001,
      "max": 0.08686709680000002,
      "times": [
        0.08673330480000001,
        0.08686709680000002,
        0.08623976380000001,
        0.08566555580000002,
        0.08278013880000001,
        0.08573976380000001,
        0.08354280580000001,
        0.08574988880000001,
        0.0859079298,
        0.0855702638
      ],
      "exit_codes": [
        0,
        0,
        0,
        0,
        0,
        0,
        0,
        0,
        0,
        0
      ]
    }
  ]
}
