{
  "results": [
    {
      "command": "Original (items=100)",
      "mean": 0.31345306678,
      "stddev": 0.010860917479958125,
      "median": 0.31054943737999996,
      "user": 0.42985559999999995,
      "system": 0.020468019999999996,
      "min": 0.30003018788,
      "max": 0.33261214588,
      "times": [
        0.33110439588,
        0.33261214588,
        0.31709768788000003,
        0.31456039588,
        0.30545793788000003,
        0.30003018788,
        0.30747860388000003,
        0.30957452088,
        0.30509043788,
        0.31152435388
      ],
      "exit_codes": [
        0,
        0,
        0,
        0,
        0,
        0,
        0,
        0,
        0,
        0
      ]
    },
    {
      "command": "Optimized (items=100)",
      "mean": 0.36010168338000004,
      "stddev": 0.014356402983523057,
      "median": 0.35479081238,
      "user": 0.43764269999999994,
      "system": 0.017408419999999997,
      "min": 0.34879418688,
      "max": 0.38884106288000003,
      "times": [
        0.35703543688,
        0.35034627088000003,
        0.35094722888,
        0.35850914588,
        0.38350089588,
        0.38884106288000003,
        0.36065718788,
        0.35254618788000003,
        0.34879418688,
        0.34983922988
      ],
      "exit_codes": [
        0,
        0,
        0,
        0,
        0,
        0,
        0,
        0,
        0,
        0
      ]
    }
  ]
}
