{
  "results": [
    {
      "command": "Original (windows, items=10)",
      "mean": 0.07692497012,
      "stddev": 0.0022667805458773493,
      "median": 0.07623213242,
      "user": 0.127609,
      "system": 0.010725019999999998,
      "min": 0.07489148642000001,
      "max": 0.08112577842,
      "times": [
        0.07625536142,
        0.07545386142,
        0.07489148642000001,
        0.08091111242000001,
        0.07725440342,
        0.07533457042000001,
        0.07620890342,
        0.08112577842,
        0.07529957042,
        0.07651465342000001
      ],
      "exit_codes": [
        0,
        0,
        0,
        0,
        0,
        0,
        0,
        0,
        0,
        0
      ]
    },
    {
      "command": "Optimized (windows, items=10)",
      "mean": 0.07610252012000002,
      "stddev": 0.0021543921635262062,
      "median": 0.07560938292,
      "user": 0.12870259999999997,
      "system": 0.01144332,
      "min": 0.07238798642000001,
      "max": 0.07961415342000001,
      "times": [
        0.07238798642000001,
        0.07516527842000001,
        0.07447373742,
        0.07561211242,
        0.07753002842000001,
        0.07961415342000001,
        0.07788869442,
        0.07814115342000001,
        0.07560665342,
        0.07460540342000001
      ],
      "exit_codes": [
        0,
        0,
        0,
        0,
        0,
        0,
        0,
        0,
        0,
        0
      ]
    }
  ]
}
