{
  "results": [
    {
      "command": "Original (items=100)",
      "mean": 0.30056753408,
      "stddev": 0.0041764004712642995,
      "median": 0.29937552608,
      "user": 0.41730645999999993,
      "system": 0.017169479999999997,
      "min": 0.29702806708,
      "max": 0.31083185908,
      "times": [
        0.30280081708,
        0.30146019308,
        0.29748131708,
        0.31083185908,
        0.29702806708,
        0.29784244208,
        0.29861352608,
        0.30208373408,
        0.29739585908,
        0.30013752608
      ],
      "exit_codes": [
        0,
        0,
        0,
        0,
        0,
        0,
        0,
        0,
        0,
        0
      ]
    },
    {
      "command": "Optimized (items=100)",
      "mean": 0.27582143418000005,
      "stddev": 0.0013436975751377233,
      "median": 0.27600538008,
      "user": 0.39047226,
      "system": 0.015840780000000002,
      "min": 0.27376740108,
      "max": 0.27773581708,
      "times": [
        0.27574115108,
        0.27599394208,
        0.27601681808,
        0.27746469208,
        0.27675552608,
        0.27376740108,
        0.27612323408,
        0.27773581708,
        0.27415652608,
        0.27445923408
      ],
      "exit_codes": [
        0,
        0,
        0,
        0,
        0,
        0,
        0,
        0,
        0,
        0
      ]
    }
  ]
}
