{
  "results": [
    {
      "command": "Original (attrs=5, items=100)",
      "mean": 0.11848532329999999,
      "stddev": 0.001129411227826394,
      "median": 0.1183064689,
      "user": 0.15394594,
      "system": 0.010160759999999998,
      "min": 0.1165237404,
      "max": 0.1208816144,
      "times": [
        0.1187179894,
        0.1208816144,
        0.1182994894,
        0.11810515740000001,
        0.1165237404,
        0.11831344840000001,
        0.1179130734,
        0.1183990734,
        0.11956632340000001,
        0.1181333234
      ],
      "exit_codes": [
        0,
        0,
        0,
        0,
        0,
        0,
        0,
        0,
        0,
        0
      ]
    },
    {
      "command": "Optimized (attrs=5, items=100)",
      "mean": 0.10498404870000003,
      "stddev": 0.001888528357678129,
      "median": 0.1047673029,
      "user": 0.14061563999999996,
      "system": 0.011099359999999997,
      "min": 0.1030225324,
      "max": 0.1089154484,
      "times": [
        0.1089154484,
        0.1046710324,
        0.1065731154,
        0.1049541574,
        0.10317694840000001,
        0.1030225324,
        0.1065952404,
        0.1033205324,
        0.1037479064,
        0.1048635734
      ],
      "exit_codes": [
        0,
        0,
        0,
        0,
        0,
        0,
        0,
        0,
        0,
        0
      ]
    }
  ]
}
