{
  "results": [
    {
      "command": "Original (items=10)",
      "mean": 0.07849012602,
      "stddev": 0.0032045671610926017,
      "median": 0.07936696352,
      "user": 0.12677074000000002,
      "system": 0.01160968,
      "min": 0.07292492202,
      "max": 0.08204175502,
      "times": [
        0.07360121402,
        0.07292492202,
        0.07650721302,
        0.07955983802,
        0.07917408902,
        0.08204175502,
        0.08041754702,
        0.08175058802,
        0.08071850502,
        0.07820558902
      ],
      "exit_codes": [
        0,
        0,
        0,
        0,
        0,
        0,
        0,
        0,
        0,
        0
      ]
    },
    {
      "command": "Optimized (items=10)",
      "mean": 0.07307681742000001,
      "stddev": 0.0018541752695271421,
      "median": 0.07289094202,
      "user": 0.12281494,
      "system": 0.011135179999999998,
      "min": 0.07085313002,
      "max": 0.07544354602,
      "times": [
        0.07471588002,
        0.07484208902,
        0.07326571302,
        0.07251617102,
        0.07111054602,
        0.07085313002,
        0.07170933902,
        0.07521671302,
        0.07544354602,
        0.07109504702
      ],
      "exit_codes": [
        0,
        0,
        0,
        0,
        0,
        0,
        0,
        0,
        0,
        0
      ]
    }
  ]
}
