{
  "results": [
    {
      "command": "Original (items=10)",
      "mean": 0.07700450587999999,
      "stddev": 0.0021132866490141235,
      "median": 0.07727048518000001,
      "user": 0.13201022,
      "system": 0.011275559999999999,
      "min": 0.07448558918,
      "max": 0.08081854718,
      "times": [
        0.07510054718,
        0.07507692318,
        0.07472988118000001,
        0.07448558918,
        0.07712263118000001,
        0.08081854718,
        0.07887833918,
        0.07852204718000001,
        0.07741833918,
        0.07789221418
      ],
      "exit_codes": [
        0,
        0,
        0,
        0,
        0,
        0,
        0,
        0,
        0,
        0
      ]
    },
    {
      "command": "Optimized (items=10)",
      "mean": 0.07380379338000001,
      "stddev": 0.0025490938361343147,
      "median": 0.07290090168000002,
      "user": 0.12180642,
      "system": 0.011062159999999998,
      "min": 0.07140754818,
      "max": 0.07811513118,
      "times": [
        0.07811513118,
        0.07322363118000001,
        0.07429292318000001,
        0.07257817218000001,
        0.07147696418,
        0.07141271418,
        0.07140754818,
        0.07488942218000001,
        0.07807400518,
        0.07256742218000001
      ],
      "exit_codes": [
        0,
        0,
        0,
        0,
        0,
        0,
        0,
        0,
        0,
        0
      ]
    }
  ]
}
