{
  "results": [
    {
      "command": "Original (attrs=10, items=10)",
      "mean": 0.05562769098000001,
      "stddev": 0.001344265007662981,
      "median": 0.05572906138,
      "user": 0.06299331999999999,
      "system": 0.009686819999999999,
      "min": 0.053325020380000004,
      "max": 0.05711081138,
      "times": [
        0.053437603380000004,
        0.05548343738,
        0.05566568638,
        0.055792436380000004,
        0.053325020380000004,
        0.05613622838,
        0.05711081138,
        0.056928062380000005,
        0.057009270380000004,
        0.055388353380000005
      ],
      "exit_codes": [
        0,
        0,
        0,
        0,
        0,
        0,
        0,
        0,
        0,
        0
      ]
    },
    {
      "command": "Optimized (attrs=10, items=10)",
      "mean": 0.053890757580000004,
      "stddev": 0.002471939744860514,
      "median": 0.05397860388,
      "user": 0.059043120000000004,
      "system": 0.01004242,
      "min": 0.050897770380000006,
      "max": 0.058025686380000004,
      "times": [
        0.05510976938,
        0.05278185338,
        0.05329143738,
        0.050897770380000006,
        0.050905562380000005,
        0.05119226938,
        0.05610097838,
        0.05593647838,
        0.054665770380000006,
        0.058025686380000004
      ],
      "exit_codes": [
        0,
        0,
        0,
        0,
        0,
        0,
        0,
        0,
        0,
        0
      ]
    }
  ]
}
