{
  "results": [
    {
      "command": "Original (items=10)",
      "mean": 0.0743268734,
      "stddev": 0.0016147917220382094,
      "median": 0.07444978569999999,
      "user": 0.12956954,
      "system": 0.0103898,
      "min": 0.0722173067,
      "max": 0.0771938907,
      "times": [
        0.0748338897,
        0.0726630157,
        0.0753202647,
        0.0722173067,
        0.0722673897,
        0.0740656817,
        0.0748895567,
        0.0740480987,
        0.0757696397,
        0.0771938907
      ],
      "exit_codes": [
        0,
        0,
        0,
        0,
        0,
        0,
        0,
        0,
        0,
        0
      ]
    },
    {
      "command": "Optimized (items=10)",
      "mean": 0.07214872339999999,
      "stddev": 0.001559417017853506,
      "median": 0.0715624317,
      "user": 0.12301924000000002,
      "system": 0.010413999999999998,
      "min": 0.0702673897,
      "max": 0.0752238487,
      "times": [
        0.0712973067,
        0.0702673897,
        0.0718544317,
        0.07127268169999999,
        0.0711000567,
        0.0733592237,
        0.0712008907,
        0.0752238487,
        0.0740838477,
        0.0718275567
      ],
      "exit_codes": [
        0,
        0,
        0,
        0,
        0,
        0,
        0,
        0,
        0,
        0
      ]
    }
  ]
}
