{
  "results": [
    {
      "command": "Original (attrs=10, items=20)",
      "mean": 0.06960534301999999,
      "stddev": 0.003314813327383557,
      "median": 0.06890277642,
      "user": 0.09028845999999999,
      "system": 0.011012339999999999,
      "min": 0.06648113091999999,
      "max": 0.07665392191999999,
      "times": [
        0.07010979692,
        0.07406375592,
        0.07665392191999999,
        0.06943329692,
        0.06901513092,
        0.06662267192,
        0.06735417192,
        0.06879042192,
        0.06648113091999999,
        0.06752913092
      ],
      "exit_codes": [
        0,
        0,
        0,
        0,
        0,
        0,
        0,
        0,
        0,
        0
      ]
    },
    {
      "command": "Optimized (attrs=10, items=20)",
      "mean": 0.06472049332,
      "stddev": 0.0015885369622282556,
      "median": 0.06442883942,
      "user": 0.08069936,
      "system": 0.01081014,
      "min": 0.06247308892000001,
      "max": 0.06678450592,
      "times": [
        0.06416388092,
        0.06247308892000001,
        0.06469379792,
        0.06264179791999999,
        0.06395575592,
        0.06607446391999999,
        0.06379508891999999,
        0.06584600591999999,
        0.06678450592,
        0.06677654692
      ],
      "exit_codes": [
        0,
        0,
        0,
        0,
        0,
        0,
        0,
        0,
        0,
        0
      ]
    }
  ]
}
