{
  "results": [
    {
      "command": "Original (items=20)",
      "mean": 0.07138785261999998,
      "stddev": 0.003925122775556682,
      "median": 0.07004413211999999,
      "user": 0.10592842,
      "system": 0.01205152,
      "min": 0.06484571462,
      "max": 0.07687334062000001,
      "times": [
        0.06902850662,
        0.07687334062000001,
        0.07542925662,
        0.07615167362,
        0.07361975662,
        0.06935663162,
        0.07017246562,
        0.06484571462,
        0.06991579862,
        0.06848538162000001
      ],
      "exit_codes": [
        0,
        0,
        0,
        0,
        0,
        0,
        0,
        0,
        0,
        0
      ]
    },
    {
      "command": "Optimized (items=20)",
      "mean": 0.07096666062,
      "stddev": 0.007481275332752433,
      "median": 0.06857244412,
      "user": 0.09693702,
      "system": 0.011876920000000001,
      "min": 0.06643033962,
      "max": 0.09179350662,
      "times": [
        0.06921634062,
        0.09179350662,
        0.07245146462,
        0.06748158962,
        0.06643033962,
        0.06854642362,
        0.06881458962,
        0.06859846462000001,
        0.06784954762,
        0.06848433962
      ],
      "exit_codes": [
        0,
        0,
        0,
        0,
        0,
        0,
        0,
        0,
        0,
        0
      ]
    }
  ]
}
