{
  "results": [
    {
      "command": "Original (attrs=0, items=10)",
      "mean": 0.04919417150000001,
      "stddev": 0.0018918109692355658,
      "median": 0.048631146300000004,
      "user": 0.05124816,
      "system": 0.008798559999999999,
      "min": 0.0464336258,
      "max": 0.0519574178,
      "times": [
        0.0516164588,
        0.048672708800000006,
        0.0482905008,
        0.0485895838,
        0.0464336258,
        0.04785779180000001,
        0.0519574178,
        0.049887750800000005,
        0.0512330428,
        0.0474028338
      ],
      "exit_codes": [
        0,
        0,
        0,
        0,
        0,
        0,
        0,
        0,
        0,
        0
      ]
    },
    {
      "command": "Optimized (attrs=0, items=10)",
      "mean": 0.0459663799,
      "stddev": 0.0009114488176586966,
      "median": 0.045903062800000005,
      "user": 0.04782536,
      "system": 0.00789606,
      "min": 0.0445885838,
      "max": 0.04743791780000001,
      "times": [
        0.045907833800000006,
        0.0445885838,
        0.0457937098,
        0.045898291800000005,
        0.0448838758,
        0.046681750800000005,
        0.0461430838,
        0.0452750428,
        0.04743791780000001,
        0.047053708799999996
      ],
      "exit_codes": [
        0,
        0,
        0,
        0,
        0,
        0,
        0,
        0,
        0,
        0
      ]
    }
  ]
}
