{
  "results": [
    {
      "command": "Original (items=50)",
      "mean": 0.09961964734,
      "stddev": 0.003029631315794907,
      "median": 0.09876485134,
      "user": 0.13327157999999997,
      "system": 0.011260139999999998,
      "min": 0.09594337184,
      "max": 0.10563628884000001,
      "times": [
        0.10563628884000001,
        0.09847387184,
        0.10037653884,
        0.09989245584,
        0.09693449784000001,
        0.09905583084,
        0.10387995584000001,
        0.09810208084000001,
        0.09594337184,
        0.09790158084
      ],
      "exit_codes": [
        0,
        0,
        0,
        0,
        0,
        0,
        0,
        0,
        0,
        0
      ]
    },
    {
      "command": "Optimized (items=50)",
      "mean": 0.09180849744,
      "stddev": 0.0029552506822154204,
      "median": 0.09109595584,
      "user": 0.12248518,
      "system": 0.009583939999999999,
      "min": 0.08863337284,
      "max": 0.09719724684,
      "times": [
        0.09719724684,
        0.09644528884,
        0.09318028984,
        0.09145553884,
        0.09113558084000001,
        0.08929191384,
        0.08863337284,
        0.09051945584,
        0.08916995584000001,
        0.09105633084
      ],
      "exit_codes": [
        0,
        0,
        0,
        0,
        0,
        0,
        0,
        0,
        0,
        0
      ]
    }
  ]
}
