{
  "results": [
    {
      "command": "Original (items=20)",
      "mean": 0.09842029584,
      "stddev": 0.001501702376033857,
      "median": 0.09821456264,
      "user": 0.13504212,
      "system": 0.0107628,
      "min": 0.09639312464000001,
      "max": 0.10184375064000001,
      "times": [
        0.09722579164,
        0.10184375064000001,
        0.09727287464,
        0.09913541664,
        0.09927279164,
        0.09800729164000001,
        0.09793279164,
        0.09639312464000001,
        0.09869729164,
        0.09842183364
      ],
      "exit_codes": [
        0,
        0,
        0,
        0,
        0,
        0,
        0,
        0,
        0,
        0
      ]
    },
    {
      "command": "Optimized (items=20)",
      "mean": 0.09551517494,
      "stddev": 0.0015685040602948222,
      "median": 0.09545870864,
      "user": 0.13412792,
      "system": 0.010780799999999998,
      "min": 0.09273387464,
      "max": 0.09776916664,
      "times": [
        0.09273387464,
        0.09710187464,
        0.09425987564,
        0.09776916664,
        0.09699129164,
        0.09449633364,
        0.09509125064,
        0.09451145764,
        0.09637045764,
        0.09582616664
      ],
      "exit_codes": [
        0,
        0,
        0,
        0,
        0,
        0,
        0,
        0,
        0,
        0
      ]
    }
  ]
}
