{
  "results": [
    {
      "command": "Original (items=50)",
      "mean": 0.1749651693,
      "stddev": 0.0016792267298832778,
      "median": 0.1746799149,
      "user": 0.23893008,
      "system": 0.012648079999999997,
      "min": 0.1727959779,
      "max": 0.1787679359,
      "times": [
        0.17413585190000003,
        0.17315331090000002,
        0.1743569359,
        0.17454839390000002,
        0.1787679359,
        0.17591089490000003,
        0.17565601990000002,
        0.1727959779,
        0.1748114359,
        0.17551493590000003
      ],
      "exit_codes": [
        0,
        0,
        0,
        0,
        0,
        0,
        0,
        0,
        0,
        0
      ]
    },
    {
      "command": "Optimized (items=50)",
      "mean": 0.16396910680000004,
      "stddev": 0.002442681442158934,
      "median": 0.16367768590000004,
      "user": 0.22547148000000003,
      "system": 0.013364679999999999,
      "min": 0.1619096449,
      "max": 0.1703178519,
      "times": [
        0.1703178519,
        0.16355406090000002,
        0.1619096449,
        0.16411464390000002,
        0.16380131090000002,
        0.1622869359,
        0.16287101890000003,
        0.16398064490000003,
        0.16195976990000002,
        0.16489518590000002
      ],
      "exit_codes": [
        0,
        0,
        0,
        0,
        0,
        0,
        0,
        0,
        0,
        0
      ]
    }
  ]
}
