{
  "results": [
    {
      "command": "Original (items=100)",
      "mean": 0.29905876742,
      "stddev": 0.002410382797452917,
      "median": 0.29786971762,
      "user": 0.41696658,
      "system": 0.016573579999999997,
      "min": 0.29614267612,
      "max": 0.30334521712,
      "times": [
        0.30005513412,
        0.29752880112,
        0.30183400912,
        0.30134580012,
        0.29749959212,
        0.29709700912,
        0.29614267612,
        0.29800942612,
        0.30334521712,
        0.29773000911999997
      ],
      "exit_codes": [
        0,
        0,
        0,
        0,
        0,
        0,
        0,
        0,
        0,
        0
      ]
    },
    {
      "command": "Optimized (items=100)",
      "mean": 0.27990171292,
      "stddev": 0.002860995205536424,
      "median": 0.27967290462000005,
      "user": 0.39398737999999994,
      "system": 0.01783058,
      "min": 0.27453800912,
      "max": 0.28516446712,
      "times": [
        0.28516446712,
        0.28218225912,
        0.27938655012,
        0.27744080012,
        0.27906984212,
        0.28158505012,
        0.28088084212,
        0.27453800912,
        0.27995925912,
        0.27881005012
      ],
      "exit_codes": [
        0,
        0,
        0,
        0,
        0,
        0,
        0,
        0,
        0,
        0
      ]
    }
  ]
}
