{
  "results": [
    {
      "command": "Original (windows, items=100)",
      "mean": 0.31557340344,
      "stddev": 0.007387662058398703,
      "median": 0.31438114474,
      "user": 0.4279682,
      "system": 0.017958759999999997,
      "min": 0.30606629124,
      "max": 0.32750179124,
      "times": [
        0.31782320724,
        0.32126916624,
        0.32228854024000003,
        0.32142258324,
        0.32750179124,
        0.31042841624,
        0.31093908224,
        0.31090583224,
        0.30606629124,
        0.30708912424
      ],
      "exit_codes": [
        0,
        0,
        0,
        0,
        0,
        0,
        0,
        0,
        0,
        0
      ]
    },
    {
      "command": "Optimized (windows, items=100)",
      "mean": 0.28483219524000003,
      "stddev": 0.004957960793187387,
      "median": 0.28567483274000005,
      "user": 0.38292519999999997,
      "system": 0.014938859999999998,
      "min": 0.27786429124,
      "max": 0.29489229124,
      "times": [
        0.28620983224,
        0.28534570724,
        0.28600395824,
        0.27786429124,
        0.28731766624,
        0.27936654124,
        0.28670112424,
        0.27951058224,
        0.28510995824,
        0.29489229124
      ],
      "exit_codes": [
        0,
        0,
        0,
        0,
        0,
        0,
        0,
        0,
        0,
        0
      ]
    }
  ]
}
