{
  "results": [
    {
      "command": "Original (unix, items=100)",
      "mean": 0.30014365834,
      "stddev": 0.0022157695472096455,
      "median": 0.29997660444,
      "user": 0.41885062,
      "system": 0.015851219999999996,
      "min": 0.29607835444,
      "max": 0.30439260444,
      "times": [
        0.29995910444,
        0.30069414544,
        0.29971872944,
        0.29893952044,
        0.29607835444,
        0.30247956244,
        0.29871060344,
        0.30046985444,
        0.29999410444,
        0.30439260444
      ],
      "exit_codes": [
        0,
        0,
        0,
        0,
        0,
        0,
        0,
        0,
        0,
        0
      ]
    },
    {
      "command": "Optimized (unix, items=100)",
      "mean": 0.29433035834,
      "stddev": 0.007980443745676923,
      "median": 0.29369979144,
      "user": 0.41058471999999996,
      "system": 0.019795619999999996,
      "min": 0.28611006244,
      "max": 0.31268814644,
      "times": [
        0.29652218744,
        0.28724377044,
        0.31268814644,
        0.29237152044,
        0.29502806244,
        0.28611006244,
        0.29533364544,
        0.29056622944,
        0.30055143744,
        0.28688852144
      ],
      "exit_codes": [
        0,
        0,
        0,
        0,
        0,
        0,
        0,
        0,
        0,
        0
      ]
    }
  ]
}
