{
  "results": [
    {
      "command": "Original (attrs=15, items=20)",
      "mean": 0.07973310848,
      "stddev": 0.0037337171282704382,
      "median": 0.07899144588,
      "user": 0.10395866000000001,
      "system": 0.01112002,
      "min": 0.07468119588,
      "max": 0.08864132088,
      "times": [
        0.07854998788,
        0.08864132088,
        0.07923907088,
        0.08280752888,
        0.07893019588,
        0.07905269588,
        0.07850007088,
        0.07981452988,
        0.07711448788,
        0.07468119588
      ],
      "exit_codes": [
        0,
        0,
        0,
        0,
        0,
        0,
        0,
        0,
        0,
        0
      ]
    },
    {
      "command": "Optimized (attrs=15, items=20)",
      "mean": 0.06960722498000001,
      "stddev": 0.0019623793186128525,
      "median": 0.06895365388,
      "user": 0.09252636,
      "system": 0.00969142,
      "min": 0.06776319588,
      "max": 0.07444457088,
      "times": [
        0.06840273688,
        0.07033923688,
        0.06838407088,
        0.07029240488,
        0.07032544588,
        0.06950457088,
        0.06826607088,
        0.07444457088,
        0.06834994588,
        0.06776319588
      ],
      "exit_codes": [
        0,
        0,
        0,
        0,
        0,
        0,
        0,
        0,
        0,
        0
      ]
    }
  ]
}
