{
  "results": [
    {
      "command": "Original (unix, items=20)",
      "mean": 0.10164403494,
      "stddev": 0.0019857917709365084,
      "median": 0.10204427204000001,
      "user": 0.13970814,
      "system": 0.01187802,
      "min": 0.09940277254000002,
      "max": 0.10501218954000001,
      "times": [
        0.10501218954000001,
        0.10252456354000002,
        0.10392514754000001,
        0.10250685554000001,
        0.10167823054000001,
        0.09969027254000001,
        0.09967264754,
        0.09961735654000001,
        0.10241031354,
        0.09940277254000002
      ],
      "exit_codes": [
        0,
        0,
        0,
        0,
        0,
        0,
        0,
        0,
        0,
        0
      ]
    },
    {
      "command": "Optimized (unix, items=20)",
      "mean": 0.09946628504,
      "stddev": 0.002766299353155092,
      "median": 0.10011706404000001,
      "user": 0.13963324,
      "system": 0.01202232,
      "min": 0.09586298054000002,
      "max": 0.10492735554000002,
      "times": [
        0.09614818954000001,
        0.10030239754000002,
        0.09757043954000001,
        0.10014460554000001,
        0.10058793954000002,
        0.09743502254000001,
        0.09586298054000002,
        0.10492735554000002,
        0.10008952254000002,
        0.10159439754
      ],
      "exit_codes": [
        0,
        0,
        0,
        0,
        0,
        0,
        0,
        0,
        0,
        0
      ]
    }
  ]
}
