{
  "results": [
    {
      "command": "Original (items=20)",
      "mean": 0.09897028438,
      "stddev": 0.0020935797594487243,
      "median": 0.09866845948,
      "user": 0.13631554000000004,
      "system": 0.010747799999999998,
      "min": 0.09615360498,
      "max": 0.10282506398,
      "times": [
        0.09840402198,
        0.10004972998,
        0.09615360498,
        0.10037089698,
        0.10282506398,
        0.09658106298000001,
        0.09893289698,
        0.10101689698,
        0.09771052198,
        0.09765814698
      ],
      "exit_codes": [
        0,
        0,
        0,
        0,
        0,
        0,
        0,
        0,
        0,
        0
      ]
    },
    {
      "command": "Optimized (items=20)",
      "mean": 0.09727952568,
      "stddev": 0.0014023184908489585,
      "median": 0.09736518798,
      "user": 0.13697874000000002,
      "system": 0.0112962,
      "min": 0.09461964598,
      "max": 0.09993514698,
      "times": [
        0.09993514698,
        0.09855227098,
        0.09634606298,
        0.09733631298,
        0.09461964598,
        0.09775885498,
        0.09665964698,
        0.09753406298,
        0.09739406298,
        0.09665918898
      ],
      "exit_codes": [
        0,
        0,
        0,
        0,
        0,
        0,
        0,
        0,
        0,
        0
      ]
    }
  ]
}
