{
  "results": [
    {
      "command": "Original (items=100)",
      "mean": 0.14853094926000004,
      "stddev": 0.0012800966026034642,
      "median": 0.14862294466000003,
      "user": 0.20546071999999996,
      "system": 0.010370119999999998,
      "min": 0.14657102866000002,
      "max": 0.15109477866,
      "times": [
        0.14834031966000003,
        0.14891640366000003,
        0.14657102866000002,
        0.15109477866,
        0.14890556966000001,
        0.14951765266000003,
        0.14750898666,
        0.14778107066,
        0.14751452866000003,
        0.14915915366000002
      ],
      "exit_codes": [
        0,
        0,
        0,
        0,
        0,
        0,
        0,
        0,
        0,
        0
      ]
    },
    {
      "command": "Optimized (items=100)",
      "mean": 0.13944439496000002,
      "stddev": 0.0020815028846956855,
      "median": 0.13891240316000003,
      "user": 0.19197111999999997,
      "system": 0.01062902,
      "min": 0.13691157066,
      "max": 0.14422040366000002,
      "times": [
        0.13946911166,
        0.13850294466000002,
        0.13691157066,
        0.14098027766000001,
        0.14422040366000002,
        0.14049552866,
        0.13740873666000003,
        0.13876169466000002,
        0.13863056966,
        0.13906311166000002
      ],
      "exit_codes": [
        0,
        0,
        0,
        0,
        0,
        0,
        0,
        0,
        0,
        0
      ]
    }
  ]
}
