{
  "results": [
    {
      "command": "Original (attrs=15, items=50)",
      "mean": 0.12327441514000001,
      "stddev": 0.0018865468007463245,
      "median": 0.12299886544000001,
      "user": 0.14951668,
      "system": 0.011203540000000001,
      "min": 0.12064321894,
      "max": 0.12668117794000003,
      "times": [
        0.12668117794000003,
        0.12420634394,
        0.12155792694,
        0.12364242794000001,
        0.12235530294000001,
        0.12204596994000001,
        0.12191826094000001,
        0.12530201094,
        0.12064321894,
        0.12439151093999999
      ],
      "exit_codes": [
        0,
        0,
        0,
        0,
        0,
        0,
        0,
        0,
        0,
        0
      ]
    },
    {
      "command": "Optimized (attrs=15, items=50)",
      "mean": 0.10726576554,
      "stddev": 0.0008532126609084582,
      "median": 0.10715109444,
      "user": 0.14796888,
      "system": 0.010591439999999999,
      "min": 0.10610071994,
      "max": 0.10906884494,
      "times": [
        0.10625559494,
        0.10678167794,
        0.10610071994,
        0.10906884494,
        0.10720005294,
        0.10752446994,
        0.10767696994,
        0.10788288594,
        0.10710213594,
        0.10706430294
      ],
      "exit_codes": [
        0,
        0,
        0,
        0,
        0,
        0,
        0,
        0,
        0,
        0
      ]
    }
  ]
}
