{
  "results": [
    {
      "command": "Original (items=100)",
      "mean": 0.30260211589999997,
      "stddev": 0.005299346675945783,
      "median": 0.29984446600000003,
      "user": 0.41929755999999996,
      "system": 0.01748032,
      "min": 0.2979120495,
      "max": 0.3113455495,
      "times": [
        0.2981921325,
        0.2996634655,
        0.2984928825,
        0.3000254665,
        0.2988307155,
        0.2979120495,
        0.3031350075,
        0.3098474235,
        0.3113455495,
        0.30857646650000004
      ],
      "exit_codes": [
        0,
        0,
        0,
        0,
        0,
        0,
        0,
        0,
        0,
        0
      ]
    },
    {
      "command": "Optimized (items=100)",
      "mean": 0.281057353,
      "stddev": 0.004648661567757668,
      "median": 0.279791236,
      "user": 0.39674606,
      "system": 0.017132920000000003,
      "min": 0.2763204655,
      "max": 0.29101834050000003,
      "times": [
        0.2773574655,
        0.2809962985,
        0.2819473825,
        0.29101834050000003,
        0.2845085495,
        0.2848162155,
        0.2782361735,
        0.27858617350000003,
        0.2763204655,
        0.2767864655
      ],
      "exit_codes": [
        0,
        0,
        0,
        0,
        0,
        0,
        0,
        0,
        0,
        0
      ]
    }
  ]
}
