{
  "results": [
    {
      "command": "Original (unix, items=50)",
      "mean": 0.18264592340000002,
      "stddev": 0.006758049260524244,
      "median": 0.18117540280000002,
      "user": 0.24743969999999998,
      "system": 0.014348919999999998,
      "min": 0.1734886528,
      "max": 0.19593823580000003,
      "times": [
        0.1734886528,
        0.17512981980000003,
        0.18053881880000003,
        0.1884655698,
        0.19593823580000003,
        0.18430311080000003,
        0.1880245688,
        0.18140677780000003,
        0.18094402780000002,
        0.17821965180000002
      ],
      "exit_codes": [
        0,
        0,
        0,
        0,
        0,
        0,
        0,
        0,
        0,
        0
      ]
    },
    {
      "command": "Optimized (unix, items=50)",
      "mean": 0.16680136080000002,
      "stddev": 0.003226322000412509,
      "median": 0.16690379830000002,
      "user": 0.22907470000000002,
      "system": 0.013515419999999997,
      "min": 0.1624909018,
      "max": 0.1724493608,
      "times": [
        0.1638990278,
        0.16326465280000002,
        0.1624909018,
        0.16519115280000002,
        0.16654111080000003,
        0.1705048188,
        0.16726798580000002,
        0.16913811080000002,
        0.1672664858,
        0.1724493608
      ],
      "exit_codes": [
        0,
        0,
        0,
        0,
        0,
        0,
        0,
        0,
        0,
        0
      ]
    }
  ]
}
