{
  "results": [
    {
      "command": "Original (attrs=5, items=50)",
      "mean": 0.08394612507999999,
      "stddev": 0.0014546823109402428,
      "median": 0.08384900808000001,
      "user": 0.13292202,
      "system": 0.010864219999999997,
      "min": 0.08208505008,
      "max": 0.08621959208,
      "times": [
        0.08223021708,
        0.08366363308000001,
        0.08586325808,
        0.08509975808,
        0.08249359208000001,
        0.08208505008,
        0.08352717508,
        0.08424459208,
        0.08403438308000001,
        0.08621959208
      ],
      "exit_codes": [
        0,
        0,
        0,
        0,
        0,
        0,
        0,
        0,
        0,
        0
      ]
    },
    {
      "command": "Optimized (attrs=5, items=50)",
      "mean": 0.07974428757999999,
      "stddev": 0.005344167969174524,
      "median": 0.07809240408000001,
      "user": 0.11928261999999998,
      "system": 0.012279219999999997,
      "min": 0.07630425808,
      "max": 0.09424150808000001,
      "times": [
        0.09424150808000001,
        0.07936596708,
        0.07765642508000001,
        0.07630425808,
        0.08166942508000001,
        0.07666688408000001,
        0.07852838308,
        0.07695346608,
        0.07697884208,
        0.07907771708
      ],
      "exit_codes": [
        0,
        0,
        0,
        0,
        0,
        0,
        0,
        0,
        0,
        0
      ]
    }
  ]
}
