{
  "results": [
    {
      "command": "Original (items=50)",
      "mean": 0.17985148242,
      "stddev": 0.0046305784630761345,
      "median": 0.17833160332,
      "user": 0.24506199999999997,
      "system": 0.013543359999999999,
      "min": 0.17634287482,
      "max": 0.19195412382000002,
      "times": [
        0.17634287482,
        0.17767766582,
        0.17869983282000002,
        0.17701937382,
        0.18074979082,
        0.19195412382000002,
        0.18241037382,
        0.17699758182,
        0.17837487382,
        0.17828833282
      ],
      "exit_codes": [
        0,
        0,
        0,
        0,
        0,
        0,
        0,
        0,
        0,
        0
      ]
    },
    {
      "command": "Optimized (items=50)",
      "mean": 0.21406391142000003,
      "stddev": 0.007796577377054431,
      "median": 0.21374035332,
      "user": 0.291443,
      "system": 0.015306259999999999,
      "min": 0.20321433182,
      "max": 0.22667570682000002,
      "times": [
        0.20561383182,
        0.20321433182,
        0.21521541582,
        0.22667570682000002,
        0.22460679082,
        0.21291112382,
        0.21456958282,
        0.21977270682,
        0.20991508282000002,
        0.20814454082
      ],
      "exit_codes": [
        0,
        0,
        0,
        0,
        0,
        0,
        0,
        0,
        0,
        0
      ]
    }
  ]
}
