{
  "results": [
    {
      "command": "Original (items=50)",
      "mean": 0.17484133651999997,
      "stddev": 0.0016159349834122354,
      "median": 0.17433581972,
      "user": 0.23935889999999999,
      "system": 0.012614719999999996,
      "min": 0.17323581972000002,
      "max": 0.17791236172,
      "times": [
        0.17333536172,
        0.17655065272,
        0.17357661172,
        0.17416502772,
        0.17450661172,
        0.17360886172,
        0.17508169472000001,
        0.17791236172,
        0.17644036172,
        0.17323581972000002
      ],
      "exit_codes": [
        0,
        0,
        0,
        0,
        0,
        0,
        0,
        0,
        0,
        0
      ]
    },
    {
      "command": "Optimized (items=50)",
      "mean": 0.16395050752,
      "stddev": 0.0012937676502903226,
      "median": 0.16401750772,
      "user": 0.22635970000000002,
      "system": 0.012504119999999999,
      "min": 0.16223536172,
      "max": 0.16623007072,
      "times": [
        0.16293615372,
        0.16382990372,
        0.16307702772000002,
        0.16486598672,
        0.16237215272,
        0.16480477772000002,
        0.16494852872000001,
        0.16223536172,
        0.16420511172,
        0.16623007072
      ],
      "exit_codes": [
        0,
        0,
        0,
        0,
        0,
        0,
        0,
        0,
        0,
        0
      ]
    }
  ]
}
