{
  "results": [
    {
      "command": "Original (items=10)",
      "mean": 0.07646263242000001,
      "stddev": 0.0013553237183487456,
      "median": 0.07606504892000002,
      "user": 0.13102648,
      "system": 0.01102958,
      "min": 0.07456288242,
      "max": 0.07925954942,
      "times": [
        0.07773671542,
        0.07615534042000001,
        0.07594413242,
        0.07925954942,
        0.07560971642,
        0.07597475742000001,
        0.07760788242000001,
        0.07618392442000001,
        0.07456288242,
        0.07559142342
      ],
      "exit_codes": [
        0,
        0,
        0,
        0,
        0,
        0,
        0,
        0,
        0,
        0
      ]
    },
    {
      "command": "Optimized (items=10)",
      "mean": 0.08298386602,
      "stddev": 0.0017283656368755635,
      "median": 0.08326806992,
      "user": 0.13589388,
      "system": 0.011202579999999998,
      "min": 0.08006250742,
      "max": 0.08549142442,
      "times": [
        0.08549142442,
        0.08337721642000001,
        0.08219134142000001,
        0.08006250742,
        0.08319417442,
        0.08322767342000001,
        0.08332888242,
        0.08049354942,
        0.08516342442000001,
        0.08330846642
      ],
      "exit_codes": [
        0,
        0,
        0,
        0,
        0,
        0,
        0,
        0,
        0,
        0
      ]
    }
  ]
}
