{
  "results": [
    {
      "command": "Original (windows, items=50)",
      "mean": 0.1800533553,
      "stddev": 0.002583927220023378,
      "median": 0.179661872,
      "user": 0.2452883,
      "system": 0.01136484,
      "min": 0.17666318450000001,
      "max": 0.1856901015,
      "times": [
        0.1813128095,
        0.18239051750000002,
        0.1856901015,
        0.1791932265,
        0.17962543450000001,
        0.1775816005,
        0.1799386015,
        0.17969830950000001,
        0.1784397675,
        0.17666318450000001
      ],
      "exit_codes": [
        0,
        0,
        0,
        0,
        0,
        0,
        0,
        0,
        0,
        0
      ]
    },
    {
      "command": "Optimized (windows, items=50)",
      "mean": 0.1704331053,
      "stddev": 0.0021851228713265546,
      "median": 0.170497997,
      "user": 0.2329653,
      "system": 0.01160684,
      "min": 0.1669313505,
      "max": 0.1735863095,
      "times": [
        0.1716218515,
        0.1707938515,
        0.1682065175,
        0.1735863095,
        0.17314493450000001,
        0.1696194345,
        0.1718431845,
        0.17020214250000001,
        0.1669313505,
        0.16838147650000002
      ],
      "exit_codes": [
        0,
        0,
        0,
        0,
        0,
        0,
        0,
        0,
        0,
        0
      ]
    }
  ]
}
